"LCSC Part#","MPN","Manufacturer","Availability","Minimum","Multiples","Product Detail","Package","Packaging","Diode Configuration","Pd - Power Dissipation","Zener Voltage(Nom)","Reverse Leakage Current (Ir)","Zener Voltage(Range)","Operating Junction Temperature Range","Impedance(Zzt)","Impedance(Zzk)","Tolerance"
"C22399894","MMSZ5225B","R+O","16500","50","50","https://www.lcsc.com/product-detail/C22399894.html","SOD-123","Tape & Reel (TR)","1 Independent","500mW","3V","50uA@1V","2.85V~3.15V","-55℃~+150℃","30Ω","-","-"
"C22395553","MMSZ5227B","R+O","10900","50","50","https://www.lcsc.com/product-detail/C22395553.html","SOD-123","Tape & Reel (TR)","1 Independent","500mW","3.6V","15uA@1V","3.42V~3.78V","-55℃~+150℃","24Ω","-","-"
"C22399895","MMSZ5228B","R+O","22650","50","50","https://www.lcsc.com/product-detail/C22399895.html","SOD-123","Tape & Reel (TR)","1 Independent","500mW","3.9V","10uA@1V","3.71V~4.1V","-55℃~+150℃","23Ω","-","-"
"C22399896","MMSZ5229B","R+O","32520","20","20","https://www.lcsc.com/product-detail/C22399896.html","SOD-123","Tape & Reel (TR)","1 Independent","500mW","4.3V","5uA@1V","4.09V~4.52V","-55℃~+150℃","22Ω","-","-"
"C22395554","MMSZ5230B","R+O","23780","20","20","https://www.lcsc.com/product-detail/C22395554.html","SOD-123","Tape & Reel (TR)","1 Independent","500mW","4.7V","5uA@2V","4.47V~4.94V","-55℃~+150℃","19Ω","-","-"
"C19077422","MMSZ5231B","R+O","35450","50","50","https://www.lcsc.com/product-detail/C19077422.html","SOD-123","Tape & Reel (TR)","1 Independent","500mW","5.1V","5uA@2V","4.85V~5.36V","-55℃~+150℃","17Ω","-","-"
"C19077423","MMSZ5232B","R+O","57150","50","50","https://www.lcsc.com/product-detail/C19077423.html","SOD-123","Tape & Reel (TR)","1 Independent","500mW","5.4V","5uA@3V","5.32V~5.88V","-55℃~+150℃","11Ω","-","-"
"C22395555","MMSZ5234B","R+O","2680","20","20","https://www.lcsc.com/product-detail/C22395555.html","SOD-123","Tape & Reel (TR)","1 Independent","500mW","6.2V","5uA@4V","5.89V~6.51V","-55℃~+150℃","7Ω","-","-"
"C19077424","MMSZ5235B","R+O","175900","50","50","https://www.lcsc.com/product-detail/C19077424.html","SOD-123","Tape & Reel (TR)","1 Independent","500mW","6.8V","3uA","6.46V~7.14V","-55℃~+150℃","5Ω","-","-"
"C22395556","MMSZ5236B","R+O","14350","50","50","https://www.lcsc.com/product-detail/C22395556.html","SOD-123","Tape & Reel (TR)","1 Independent","500mW","7.5V","3uA@6V","7.13V~7.88V","-55℃~+150℃","6Ω","-","-"
"C22395557","MMSZ5237B","R+O","14600","50","50","https://www.lcsc.com/product-detail/C22395557.html","SOD-123","Tape & Reel (TR)","1 Independent","500mW","8.2V","3uA@6.5V","7.79V~8.61V","-55℃~+150℃","8Ω","-","-"
"C22399897","MMSZ5238B","R+O","13420","20","20","https://www.lcsc.com/product-detail/C22399897.html","SOD-123","Tape & Reel (TR)","1 Independent","500mW","8.7V","3uA@6.5V","8.27V~9.14V","-55℃~+150℃","8Ω","-","-"
"C22395558","MMSZ5239B","R+O","49000","20","20","https://www.lcsc.com/product-detail/C22395558.html","SOD-123","Tape & Reel (TR)","1 Independent","500mW","9.1V","3uA@7V","8.65V~9.56V","-55℃~+150℃","10Ω","-","-"
"C19077425","MMSZ5240B","R+O","21800","50","50","https://www.lcsc.com/product-detail/C19077425.html","SOD-123","Tape & Reel (TR)","1 Independent","500mW","10V","3uA@8V","9.5V~10.5V","-55℃~+150℃","17Ω","-","-"
"C22395559","MMSZ5241B","R+O","2350","50","50","https://www.lcsc.com/product-detail/C22395559.html","SOD-123","Tape & Reel (TR)","1 Independent","500mW","11V","2uA@8.4V","10.45V~11.55V","-55℃~+150℃","22Ω","-","-"
"C19077426","MMSZ5242B","R+O","82800","50","50","https://www.lcsc.com/product-detail/C19077426.html","SOD-123","Tape & Reel (TR)","1 Independent","500mW","12V","1uA@9.1V","11.4V~12.6V","-55℃~+150℃","30Ω","-","-"
"C19077428","MMSZ5245B","R+O","96740","20","20","https://www.lcsc.com/product-detail/C19077428.html","SOD-123","Tape & Reel (TR)","1 Independent","500mW","15V","100nA@11V","14.25V~15.75V","-55℃~+150℃","16Ω","-","-"
"C19077430","MMSZ5248B","R+O","26540","20","20","https://www.lcsc.com/product-detail/C19077430.html","SOD-123","Tape & Reel (TR)","1 Independent","500mW","18V","100nA@14V","17.1V~18.9V","-55℃~+150℃","21Ω","-","-"
"C19077431","MMSZ5250B","R+O","47840","20","20","https://www.lcsc.com/product-detail/C19077431.html","SOD-123","Tape & Reel (TR)","1 Independent","500mW","20V","100nA@15V","19V~21V","-55℃~+150℃","25Ω","-","-"
"C22395560","MMSZ5251B","R+O","31550","50","50","https://www.lcsc.com/product-detail/C22395560.html","SOD-123","Tape & Reel (TR)","1 Independent","500mW","22V","100nA@17V","20.9V~23.1V","-55℃~+150℃","29Ω","-","-"
"C19077432","MMSZ5252B","R+O","1400","50","50","https://www.lcsc.com/product-detail/C19077432.html","SOD-123","Tape & Reel (TR)","1 Independent","500mW","24V","100nA@18V","22.8V~25.2V","-55℃~+150℃","33Ω","-","-"
"C19077433","MMSZ5256B","R+O","60200","50","50","https://www.lcsc.com/product-detail/C19077433.html","SOD-123","Tape & Reel (TR)","1 Independent","500mW","30V","100nA@25V","28.5V~31.5V","-55℃~+150℃","49Ω","-","-"
"C22399900","MMSZ5259B","R+O","22040","20","20","https://www.lcsc.com/product-detail/C22399900.html","SOD-123","Tape & Reel (TR)","1 Independent","500mW","39V","100nA@30V","37.05V~40.95V","-55℃~+150℃","80Ω","-","-"
"C41410802","MMSZ5226BS","R+O","8460","20","20","https://www.lcsc.com/product-detail/C41410802.html","SOD-323","Tape & Reel (TR)","1 Independent","200mW","3.3V","25uA@1V","3.14V~3.47V","-55℃~+150℃","28Ω","1.6kΩ","-"
"C22395562","MMSZ5231BS","R+O","3660","20","20","https://www.lcsc.com/product-detail/C22395562.html","SOD-323","Tape & Reel (TR)","1 Independent","200mW","5.1V","5uA@2V","4.85V~5.36V","-55℃~+150℃","17Ω","1.6kΩ","-"
"C41410801","MMSZ5234BS","R+O","9800","20","20","https://www.lcsc.com/product-detail/C41410801.html","SOD-323","Tape & Reel (TR)","1 Independent","200mW","6.2V","5uA","5.89V~6.51V","-55℃~+150℃","7Ω","1kΩ","-"
"C22395564","MMSZ5239BS","R+O","2660","10","10","https://www.lcsc.com/product-detail/C22395564.html","SOD-323","Tape & Reel (TR)","1 Independent","200mW","9.1V","3uA@7V","8.65V~9.56V","-55℃~+150℃","10Ω","600Ω","-"
"C41410799","MMSZ5245BS","R+O","5550","50","50","https://www.lcsc.com/product-detail/C41410799.html","SOD-323","Tape & Reel (TR)","1 Independent","200mW","15V","100nA","14.25V~15.75V","-55℃~+150℃","16Ω","600Ω","-"
"C22395565","MMSZ5246BS","R+O","339140","20","20","https://www.lcsc.com/product-detail/C22395565.html","SOD-323","Tape & Reel (TR)","1 Independent","200mW","16V","100nA@12V","15.2V~16.8V","-55℃~+150℃","17Ω","600Ω","-"
"C22395567","MMSZ5250BS","R+O","14340","20","20","https://www.lcsc.com/product-detail/C22395567.html","SOD-323","Tape & Reel (TR)","1 Independent","200mW","20V","100nA","19V~21V","-55℃~+150℃","25Ω","600Ω","-"
"C41410797","MMSZ5251BS","R+O","5680","20","20","https://www.lcsc.com/product-detail/C41410797.html","SOD-323","Tape & Reel (TR)","1 Independent","200mW","22V","100nA","20.9V~23.1V","-55℃~+150℃","29Ω","600Ω","-"
"C41410800","MMSZ5256BS","R+O","7340","20","20","https://www.lcsc.com/product-detail/C41410800.html","SOD-323","Tape & Reel (TR)","1 Independent","200mW","30V","100nA","28.5V~31.5V","-55℃~+150℃","49Ω","600Ω","-"
"C19077467","BZX84C3V3","R+O","106200","50","50","https://www.lcsc.com/product-detail/C19077467.html","SOT-23","Tape & Reel (TR)","1 Independent","300mW","3.3V","5uA@1V","3.1V~3.5V","-55℃~+150℃","95Ω","600Ω","-"
"C22395521","BZX84C4V7","R+O","17050","50","50","https://www.lcsc.com/product-detail/C22395521.html","SOT-23","Tape & Reel (TR)","1 Independent","300mW","4.7V","3uA","4.4V~5V","-55℃~+150℃","80Ω","500Ω","-"
"C19077468","BZX84C5V1","R+O","12400","50","50","https://www.lcsc.com/product-detail/C19077468.html","SOT-23","Tape & Reel (TR)","1 Independent","300mW","5.1V","2uA","4.8V~5.4V","-55℃~+150℃","60Ω","480Ω","-"
"C19077469","BZX84C5V6","R+O","53050","50","50","https://www.lcsc.com/product-detail/C19077469.html","SOT-23","Tape & Reel (TR)","1 Independent","300mW","5.6V","1uA","5.2V~6V","-55℃~+150℃","40Ω","400Ω","-"
"C22379473","BZX84C6V8","R+O","57800","50","50","https://www.lcsc.com/product-detail/C22379473.html","SOT-23","Tape & Reel (TR)","1 Independent","300mW","6.8V","2uA","6.4V~7.2V","-55℃~+150℃","15Ω","80Ω","-"
"C22379470","BZX84C7V5","R+O","20450","50","50","https://www.lcsc.com/product-detail/C22379470.html","SOT-23","Tape & Reel (TR)","1 Independent","300mW","7.5V","1uA","7V~7.9V","-55℃~+150℃","15Ω","80Ω","-"
"C22395522","BZX84C8V2","R+O","8750","50","50","https://www.lcsc.com/product-detail/C22395522.html","SOT-23","Tape & Reel (TR)","1 Independent","300mW","8.2V","700nA","7.7V~8.7V","-55℃~+150℃","15Ω","80Ω","-"
