"LCSC Part#","MPN","Manufacturer","Availability","Minimum","Multiples","Product Detail","Package","Packaging","Number of Lines","Impedance @ Frequency","Tolerance","DC Resistance(DCR)","Current Rating","Operating Temperature"
"C85823","BLM15PG100SN1D","muRata","17500","50","50","https://www.lcsc.com/product-detail/C85823.html","0402","Tape & Reel (TR)","1","10Ω@100MHz","±25%","25mΩ","1A","-55℃~+125℃"
"C85816","BLM15BA220SN1D","muRata","42900","100","100","https://www.lcsc.com/product-detail/C85816.html","0402","Tape & Reel (TR)","1","22Ω@100MHz","±25%","300mΩ","300mA","-55℃~+125℃"
"C85822","BLM15PD300SN1D","muRata","18350","50","50","https://www.lcsc.com/product-detail/C85822.html","0402","Tape & Reel (TR)","1","30Ω@100MHz","±25%","35mΩ","2.2A","-55℃~+125℃"
"C88961","BLM15BA330SN1D","muRata","14550","50","50","https://www.lcsc.com/product-detail/C88961.html","0402","Tape & Reel (TR)","1","33Ω@100MHz","±25%","400mΩ","300mA","-55℃~+125℃"
"C76887","BLM15BB470SN1D","muRata","12800","50","50","https://www.lcsc.com/product-detail/C76887.html","0402","Tape & Reel (TR)","1","47Ω@100MHz","±25%","350mΩ","300mA","-55℃~+125℃"
"C160976","BLM15PX600SN1D","muRata","25850","50","50","https://www.lcsc.com/product-detail/C160976.html","0402","Tape & Reel (TR)","1","60Ω@100MHz","±25%","32mΩ","2.5A","-55℃~+125℃"
"C85814","BLM15AG700SN1D","muRata","92850","50","50","https://www.lcsc.com/product-detail/C85814.html","0402","Tape & Reel (TR)","1","70Ω@100MHz","±25%","150mΩ","600mA","-55℃~+125℃"
"C269770","BLM15BX750SN1D","muRata","5500","100","100","https://www.lcsc.com/product-detail/C269770.html","0402","Tape & Reel (TR)","1","75Ω@100MHz","±25%","150mΩ","600mA","-55℃~+125℃"
"C237347","BLM15PD800SN1D","muRata","30300","50","50","https://www.lcsc.com/product-detail/C237347.html","0402","Tape & Reel (TR)","1","80Ω@100MHz","±25%","70mΩ","1.5A","-55℃~+125℃"
"C88970","BLM15PX121SN1D","muRata","322200","20","20","https://www.lcsc.com/product-detail/C88970.html","0402","Tape & Reel (TR)","1","120Ω@100MHz","±25%","55mΩ","2A","-55℃~+125℃"
"C237601","BLM15PX181SN1D","muRata","16160","20","20","https://www.lcsc.com/product-detail/C237601.html","0402","Tape & Reel (TR)","1","180Ω@100MHz","±25%","90mΩ","1.5A","-55℃~+125℃"
"C76885","BLM15AX221SN1D","muRata","90500","50","50","https://www.lcsc.com/product-detail/C76885.html","0402","Tape & Reel (TR)","1","220Ω@100MHz","±25%","180mΩ","600mA","-55℃~+125℃"
"C160975","BLM15PX331SN1D","muRata","114600","50","50","https://www.lcsc.com/product-detail/C160975.html","0402","Tape & Reel (TR)","1","330Ω@100MHz","±25%","150mΩ","1.2A","-55℃~+125℃"
"C2986272","NFZ15SG331SN11D","muRata","9710","10","10","https://www.lcsc.com/product-detail/C2986272.html","0402","Tape & Reel (TR)","1","330Ω@900MHz","-","300mΩ","300mA","-40℃~+85℃"
"C333978","BLM15PX471SN1D","muRata","57850","50","50","https://www.lcsc.com/product-detail/C333978.html","0402","Tape & Reel (TR)","1","470Ω@100MHz","±25%","200mΩ","1A","-55℃~+125℃"
"C160977","BLM15PX601SN1D","muRata","71600","50","50","https://www.lcsc.com/product-detail/C160977.html","0402","Tape & Reel (TR)","1","600Ω@100MHz","±25%","230mΩ","900mA","-55℃~+125℃"
"C85815","BLM15AX102SN1D","muRata","112600","100","100","https://www.lcsc.com/product-detail/C85815.html","0402","Tape & Reel (TR)","1","1kΩ@100MHz","±25%","490mΩ","350mA","-55℃~+125℃"
"C1533898","NFZ15SG152SN10D","muRata","4860","10","10","https://www.lcsc.com/product-detail/C1533898.html","0402","Tape & Reel (TR)","1","1.5kΩ@900MHz","-","800mΩ","400mA","-40℃~+85℃"
"C85820","BLM15BD182SN1D","muRata","5300","100","100","https://www.lcsc.com/product-detail/C85820.html","0402","Tape & Reel (TR)","1","1.8kΩ@100MHz","±25%","1.4Ω","100mA","-55℃~+125℃"
"C88974","BLM18BB050SN1D","muRata","5700","50","50","https://www.lcsc.com/product-detail/C88974.html","0603","Tape & Reel (TR)","1","5Ω@100MHz","±25%","50mΩ","700mA","-55℃~+125℃"
"C88973","BLM18BA100SN1D","muRata","3060","10","10","https://www.lcsc.com/product-detail/C88973.html","0603","Tape & Reel (TR)","1","10Ω@100MHz","±25%","250mΩ","500mA","-55℃~+125℃"
"C88975","BLM18BB220SN1D","muRata","3600","50","50","https://www.lcsc.com/product-detail/C88975.html","0603","Tape & Reel (TR)","1","22Ω@100MHz","±25%","200mΩ","700mA","-55℃~+125℃"
"C88981","BLM18KG260TN1D","muRata","52100","20","20","https://www.lcsc.com/product-detail/C88981.html","0603","Tape & Reel (TR)","1","26Ω@100MHz","±25%","7mΩ","6A","-55℃~+125℃"
"C88982","BLM18KG300TN1D","muRata","39650","50","50","https://www.lcsc.com/product-detail/C88982.html","0603","Tape & Reel (TR)","1","30Ω@100MHz","±25%","10mΩ","5A","-55℃~+125℃"
"C88984","BLM18PG330SN1D","muRata","242500","50","50","https://www.lcsc.com/product-detail/C88984.html","0603","Tape & Reel (TR)","1","33Ω@100MHz","±25%","25mΩ","3A","-55℃~+125℃"
"C76816","MPZ1608S600ATAH0","TDK","51210","10","10","https://www.lcsc.com/product-detail/C76816.html","0603","Tape & Reel (TR)","1","60Ω@100MHz","±25%","20mΩ","3.5A","-55℃~+125℃"
"C107332","MPZ1608S101ATAH0","TDK","799350","10","10","https://www.lcsc.com/product-detail/C107332.html","0603","Tape & Reel (TR)","1","100Ω@100MHz","±25%","30mΩ","3A","-55℃~+125℃"
"C85831","BLM18KG121TN1D","muRata","775550","50","50","https://www.lcsc.com/product-detail/C85831.html","0603","Tape & Reel (TR)","1","120Ω@100MHz","±25%","30mΩ","3A","-55℃~+125℃"
"C275484","MPZ1608S181ATAH0","TDK","24330","10","10","https://www.lcsc.com/product-detail/C275484.html","0603","Tape & Reel (TR)","1","180Ω@100MHz","±25%","50mΩ","2A","-55℃~+125℃"
"C88988","BLM18SG221TN1D","muRata","59740","20","20","https://www.lcsc.com/product-detail/C88988.html","0603","Tape & Reel (TR)","1","220Ω@100MHz","±25%","40mΩ","2.5A","-55℃~+125℃"
"C85832","BLM18KG331SN1D","muRata","31560","20","20","https://www.lcsc.com/product-detail/C85832.html","0603","Tape & Reel (TR)","1","330Ω@100MHz","±25%","80mΩ","1.7A","-55℃~+125℃"
"C275483","MPZ1608R391ATA00","TDK","16550","50","50","https://www.lcsc.com/product-detail/C275483.html","0603","Tape & Reel (TR)","1","390Ω@100MHz","±25%","120mΩ","1.2A","-55℃~+125℃"
"C114780","MPZ1608B471ATA00","TDK","120700","10","10","https://www.lcsc.com/product-detail/C114780.html","0603","Tape & Reel (TR)","1","470Ω@100MHz","±25%","150mΩ","1A","-55℃~+125℃"
"C85833","BLM18KG601SN1D","muRata","1154200","50","50","https://www.lcsc.com/product-detail/C85833.html","0603","Tape & Reel (TR)","1","600Ω@100MHz","±25%","150mΩ","1.3A","-55℃~+125℃"
"C76814","MPZ1608S102ATA00","TDK","150940","10","10","https://www.lcsc.com/product-detail/C76814.html","0603","Tape & Reel (TR)","1","1kΩ@100MHz","±25%","300mΩ","800mA","-55℃~+125℃"
"C113035","BLM21BB050SN1D","muRata","2590","10","10","https://www.lcsc.com/product-detail/C113035.html","0805","Tape & Reel (TR)","1","5Ω@100MHz","±25%","20mΩ","1A","-55℃~+125℃"
"C88993","BLM21PG220SN1D","muRata","89580","20","20","https://www.lcsc.com/product-detail/C88993.html","0805","Tape & Reel (TR)","1","22Ω@100MHz","±25%","9mΩ","6A","-55℃~+125℃"
"C136227","MPZ2012S300AT000","TDK","12390","10","10","https://www.lcsc.com/product-detail/C136227.html","0805","Tape & Reel (TR)","1","30Ω@100MHz","±25%","10mΩ","6A","-55℃~+125℃"
"C780182","MH2029-600Y","BOURNS","2480","5","5","https://www.lcsc.com/product-detail/C780182.html","0805","Tape & Reel (TR)","1","60Ω@100MHz","±25%","20mΩ","5A","-55℃~+125℃"
"C15957","MPZ2012S101AT000","TDK","188400","10","10","https://www.lcsc.com/product-detail/C15957.html","0805","Tape & Reel (TR)","1","100Ω@100MHz","±25%","20mΩ","4A","-55℃~+125℃"
"C79382","BLM21PG121SN1D","muRata","181220","20","20","https://www.lcsc.com/product-detail/C79382.html","0805","Tape & Reel (TR)","1","120Ω@100MHz","±25%","30mΩ","3A","-55℃~+125℃"
"C85836","BLM21AG151SN1D","muRata","6260","10","10","https://www.lcsc.com/product-detail/C85836.html","0805","Tape & Reel (TR)","1","150Ω@100MHz","±25%","100mΩ","1A","-55℃~+125℃"
"C76818","MPZ2012S221AT000","TDK","158300","10","10","https://www.lcsc.com/product-detail/C76818.html","0805","Tape & Reel (TR)","1","220Ω@100MHz","±25%","40mΩ","3A","-55℃~+125℃"
"C76819","MPZ2012S331AT000","TDK","27330","10","10","https://www.lcsc.com/product-detail/C76819.html","0805","Tape & Reel (TR)","1","330Ω@100MHz","±25%","50mΩ","2.5A","-55℃~+125℃"
"C1534017","MH2029-401Y","BOURNS","3840","10","10","https://www.lcsc.com/product-detail/C1534017.html","0805","Tape & Reel (TR)","1","400Ω@100MHz","±25%","100mΩ","2A","-55℃~+125℃"
"C81034","MPZ2012S601ATD25","TDK","245990","10","10","https://www.lcsc.com/product-detail/C81034.html","0805","Tape & Reel (TR)","1","600Ω@100MHz","±25%","100mΩ","2A","-55℃~+125℃"
"C76817","MPZ2012S102AT000","TDK","60720","10","10","https://www.lcsc.com/product-detail/C76817.html","0805","Tape & Reel (TR)","1","1kΩ@100MHz","±25%","150mΩ","1.5A","-55℃~+125℃"
"C360718","MMZ2012Y202BTD25","TDK","40730","10","10","https://www.lcsc.com/product-detail/C360718.html","0805","Tape & Reel (TR)","1","2kΩ@100MHz","±25%","500mΩ","400mA","-55℃~+125℃"
"C85838","BLM21BD222TN1D","muRata","4400","10","10","https://www.lcsc.com/product-detail/C85838.html","0805","Tape & Reel (TR)","1","2.2kΩ@100MHz","±25%","600mΩ","200mA","-55℃~+125℃"
"C85839","BLM21BD272SN1L","muRata","60860","10","10","https://www.lcsc.com/product-detail/C85839.html","0805","Tape & Reel (TR)","1","2.7kΩ@100MHz","±25%","800mΩ","200mA","-55℃~+125℃"
