LCSC Part#,MPN,Manufacturer,Datasheet,Availability,Pricing($),Minimum,Multiples,Product Detail,Package,Packaging,Capacitance,Tolerance,Voltage Rating,Temperature Coefficient,Operating Temperature
C723416,AC0402JRNPO9BN680,YAGEO,https://datasheet.lcsc.com/datasheet/pdf/e147909414eb3b900a42b90481dc8914.pdf?productCode=C723416,4100,0.0070,100,100,https://www.lcsc.com/product-detail/C723416.html,0402,Tape & Reel (TR),68pF,±5%,50V,NP0,
C599749,C0603C470J5GAC7867,KEMET,https://datasheet.lcsc.com/datasheet/pdf/a99f7a15465b79482c0e0729d9d6b76f.pdf?productCode=C599749,4100,0.0196,50,50,https://www.lcsc.com/product-detail/C599749.html,0603,Tape & Reel (TR),47pF,±5%,50V,C0G,
C527211,CC0805JRNPOBBN121,YAGEO,https://datasheet.lcsc.com/datasheet/pdf/9a86cbae8c34c796174906a7ab23dad0.pdf?productCode=C527211,4100,0.0226,50,50,https://www.lcsc.com/product-detail/C527211.html,0805,Tape & Reel (TR),120pF,±5%,500V,NP0,
C519569,CC0603FRNPO9BN201,YAGEO,https://datasheet.lcsc.com/datasheet/pdf/4eca2bb4b507f1633db47e922d632b95.pdf?productCode=C519569,4100,0.0405,20,20,https://www.lcsc.com/product-detail/C519569.html,0603,Tape & Reel (TR),200pF,±1%,50V,NP0,
C519518,CC0603JRX7R9BB391,YAGEO,https://datasheet.lcsc.com/datasheet/pdf/23ccee80ee542e7cf156a772bb589942.pdf?productCode=C519518,4100,0.0104,100,100,https://www.lcsc.com/product-detail/C519518.html,0603,Tape & Reel (TR),390pF,±5%,50V,X7R,
C440147,GCM1885C1H181JA16D,muRata,https://datasheet.lcsc.com/datasheet/pdf/487017f6b54a225cb531ae9163fbe3cd.pdf?productCode=C440147,4100,0.0347,20,20,https://www.lcsc.com/product-detail/C440147.html,0603,Tape & Reel (TR),180pF,±5%,50V,C0G,
C513316,04025A180JAT2A,Kyocera AVX,,4090,0.0042,10,10,https://www.lcsc.com/product-detail/C513316.html,0402,Tape & Reel (TR),18pF,±5%,50V,C0G,
C882565,GJM1555C1H300FB01D,muRata,https://datasheet.lcsc.com/datasheet/pdf/86da1ba5b9528913d30694d2ba31a0ee.pdf?productCode=C882565,4080,0.0394,20,20,https://www.lcsc.com/product-detail/C882565.html,0402,Tape & Reel (TR),30pF,±1%,50V,C0G,
C605216,AC0603JRX7R9BB223,YAGEO,https://datasheet.lcsc.com/datasheet/pdf/e147909414eb3b900a42b90481dc8914.pdf?productCode=C605216,4080,0.0287,20,20,https://www.lcsc.com/product-detail/C605216.html,0603,Tape & Reel (TR),22nF,±5%,50V,X7R,
C2181572,GQM1875C2E150JB12D,muRata,https://datasheet.lcsc.com/datasheet/pdf/874695ec05b64e47712b911bccd14a9c.pdf?productCode=C2181572,4070,0.2483,5,5,https://www.lcsc.com/product-detail/C2181572.html,0603,Tape & Reel (TR),15pF,±5%,250V,C0G,
C3856821,GRM1555C1H682GE01D,muRata,https://datasheet.lcsc.com/datasheet/pdf/7fe4037747be41b9bf0ffcd5d4a97d6e.pdf?productCode=C3856821,4060,0.0401,20,20,https://www.lcsc.com/product-detail/C3856821.html,0402,Tape & Reel (TR),6.8nF,±2%,50V,C0G,
C6348878,VJ0603Y153JXAAC,VISHAY,https://datasheet.lcsc.com/datasheet/pdf/b6aa511fef9fa0fcadeac8292efccfe4.pdf?productCode=C6348878,4050,0.1623,5,5,https://www.lcsc.com/product-detail/C6348878.html,0603,Tape & Reel (TR),15nF,±5%,50V,X7R,
C1853752,CC0603JRNPOYBN680,YAGEO,https://datasheet.lcsc.com/datasheet/pdf/4eca2bb4b507f1633db47e922d632b95.pdf?productCode=C1853752,4050,0.0145,50,50,https://www.lcsc.com/product-detail/C1853752.html,0603,Tape & Reel (TR),68pF,±5%,250V,NP0,
C1853012,CC0805JRNPOYBN680,YAGEO,https://datasheet.lcsc.com/datasheet/pdf/4eca2bb4b507f1633db47e922d632b95.pdf?productCode=C1853012,4050,0.0157,50,50,https://www.lcsc.com/product-detail/C1853012.html,0805,Tape & Reel (TR),68pF,±5%,250V,NP0,
C576975,CC0805JRNPOBBN151,YAGEO,https://datasheet.lcsc.com/datasheet/pdf/9a86cbae8c34c796174906a7ab23dad0.pdf?productCode=C576975,4050,0.0238,50,50,https://www.lcsc.com/product-detail/C576975.html,0805,Tape & Reel (TR),150pF,±5%,500V,NP0,
C520090,CC0805GRNPO9BN471,YAGEO,https://datasheet.lcsc.com/datasheet/pdf/4eca2bb4b507f1633db47e922d632b95.pdf?productCode=C520090,4050,0.0234,50,50,https://www.lcsc.com/product-detail/C520090.html,0805,Tape & Reel (TR),470pF,±2%,50V,NP0,
C519536,CC0603JRX7R7BB473,YAGEO,https://datasheet.lcsc.com/datasheet/pdf/23ccee80ee542e7cf156a772bb589942.pdf?productCode=C519536,4050,0.0081,50,50,https://www.lcsc.com/product-detail/C519536.html,0603,Tape & Reel (TR),47nF,±5%,16V,X7R,
C327193,CC0805JRNPO0BN820,YAGEO,https://datasheet.lcsc.com/datasheet/pdf/4eca2bb4b507f1633db47e922d632b95.pdf?productCode=C327193,4050,0.0243,50,50,https://www.lcsc.com/product-detail/C327193.html,0805,Tape & Reel (TR),82pF,±5%,100V,NP0,
C327168,CC0603GRNPO9BN121,YAGEO,https://datasheet.lcsc.com/datasheet/pdf/4eca2bb4b507f1633db47e922d632b95.pdf?productCode=C327168,4050,0.0150,50,50,https://www.lcsc.com/product-detail/C327168.html,0603,Tape & Reel (TR),120pF,±2%,50V,NP0,
C107043,CC0603JRNPO9BN222,YAGEO,https://datasheet.lcsc.com/datasheet/pdf/4eca2bb4b507f1633db47e922d632b95.pdf?productCode=C107043,4050,0.0279,50,50,https://www.lcsc.com/product-detail/C107043.html,0603,Tape & Reel (TR),2.2nF,±5%,50V,NP0,
C1864236,GCM1885C2A820FA16D,muRata,https://datasheet.lcsc.com/datasheet/pdf/993faa3b0c19c8a37aab5981ea2188fa.pdf?productCode=C1864236,4030,0.0565,10,10,https://www.lcsc.com/product-detail/C1864236.html,0603,Tape & Reel (TR),82pF,±1%,100V,C0G,
C2191157,AC0603JRNPO9BN270,YAGEO,https://datasheet.lcsc.com/datasheet/pdf/e147909414eb3b900a42b90481dc8914.pdf?productCode=C2191157,4020,0.0226,20,20,https://www.lcsc.com/product-detail/C2191157.html,0603,Tape & Reel (TR),27pF,±5%,50V,NP0,
C55208131,TFCT500G222J1GV001T,Johanson Dielectrics,https://datasheet.lcsc.com/datasheet/pdf/523f3ccdd4c688055eb7b3de4951d1ce.pdf?productCode=C55208131,4000,0.0606,10,10,https://www.lcsc.com/product-detail/C55208131.html,0805,Tape & Reel (TR),2.2nF,±5%,50V,C0G,-55℃~+125℃
C55208130,TFCP201G680J1GV001T,Johanson Dielectrics,https://datasheet.lcsc.com/datasheet/pdf/172814ff1205f25687ee83960654731f.pdf?productCode=C55208130,4000,0.0228,20,20,https://www.lcsc.com/product-detail/C55208130.html,0603,Tape & Reel (TR),68pF,±5%,200V,C0G,-55℃~+125℃
C55208129,TFCP201G221J1GV001T,Johanson Dielectrics,https://datasheet.lcsc.com/datasheet/pdf/cfa19bdd752dc2109e6e8ce58acaa721.pdf?productCode=C55208129,4000,0.0269,20,20,https://www.lcsc.com/product-detail/C55208129.html,0603,Tape & Reel (TR),220pF,±5%,200V,C0G,-55℃~+125℃
C32964719,C0805C911J5GACTU,KEMET,https://datasheet.lcsc.com/datasheet/pdf/ca478561d3172e9ccd486961ecbcbc0c.pdf?productCode=C32964719,4000,0.0398,10,10,https://www.lcsc.com/product-detail/C32964719.html,0805,Tape & Reel (TR),910pF,±5%,50V,C0G,
C3864106,GCM1885C1H912JA16D,muRata,https://datasheet.lcsc.com/datasheet/pdf/e1143c8bff27fcfbf8c68ff8afbe045d.pdf?productCode=C3864106,4000,0.0718,5,5,https://www.lcsc.com/product-detail/C3864106.html,0603,Tape & Reel (TR),9.1nF,±5%,50V,C0G,
C3833550,VJ0603A271JXAAC,VISHAY,https://datasheet.lcsc.com/datasheet/pdf/b6aa511fef9fa0fcadeac8292efccfe4.pdf?productCode=C3833550,4000,0.1442,5,5,https://www.lcsc.com/product-detail/C3833550.html,0603,Tape & Reel (TR),270pF,±5%,50V,C0G,
C3832875,AC0805JRNPOYBN471,YAGEO,https://datasheet.lcsc.com/datasheet/pdf/e147909414eb3b900a42b90481dc8914.pdf?productCode=C3832875,4000,0.0378,20,20,https://www.lcsc.com/product-detail/C3832875.html,0805,Tape & Reel (TR),470pF,±5%,250V,C0G,
C3831056,AC0603JRNPO0BN100,YAGEO,https://datasheet.lcsc.com/datasheet/pdf/e147909414eb3b900a42b90481dc8914.pdf?productCode=C3831056,4000,0.0167,50,50,https://www.lcsc.com/product-detail/C3831056.html,0603,Tape & Reel (TR),10pF,±5%,100V,C0G,
C2986280,GCM1885C2A271JA16D,muRata,https://datasheet.lcsc.com/datasheet/pdf/ca11891a8e7fd4e4226476059ae4d4fc.pdf?productCode=C2986280,4000,0.0203,50,50,https://www.lcsc.com/product-detail/C2986280.html,0603,Tape & Reel (TR),270pF,±5%,100V,C0G,
C2178111,AC1206JRNPO0BN100,YAGEO,https://datasheet.lcsc.com/datasheet/pdf/e147909414eb3b900a42b90481dc8914.pdf?productCode=C2178111,4000,0.0593,20,20,https://www.lcsc.com/product-detail/C2178111.html,1206,Tape & Reel (TR),10pF,±5%,100V,NP0,
C2177660,C0603C332J5GACAUTO,KEMET,https://datasheet.lcsc.com/datasheet/pdf/73c030c092cad88867b92e86f262076b.pdf?productCode=C2177660,4000,0.0370,1,1,https://www.lcsc.com/product-detail/C2177660.html,0603,Tape & Reel (TR),3.3nF,±5%,50V,C0G,
C726576,AC0805JRNPO9BN180,YAGEO,https://datasheet.lcsc.com/datasheet/pdf/e147909414eb3b900a42b90481dc8914.pdf?productCode=C726576,4000,0.0156,50,50,https://www.lcsc.com/product-detail/C726576.html,0805,Tape & Reel (TR),18pF,±5%,50V,NP0,
C723753,CQ0603JRNPO9BN150,YAGEO,https://datasheet.lcsc.com/datasheet/pdf/d9e1f96faa5392c23fe073d37a19d097.pdf?productCode=C723753,4000,0.0458,20,20,https://www.lcsc.com/product-detail/C723753.html,0603,Tape & Reel (TR),15pF,±5%,50V,NP0,
C597183,06035C102JAT2A,Kyocera AVX,,4000,0.0355,20,20,https://www.lcsc.com/product-detail/C597183.html,0603,Tape & Reel (TR),1nF,±5%,50V,X7R,
C520037,CC0805JRX7R8BB223,YAGEO,https://datasheet.lcsc.com/datasheet/pdf/23ccee80ee542e7cf156a772bb589942.pdf?productCode=C520037,4000,0.0238,50,50,https://www.lcsc.com/product-detail/C520037.html,0805,Tape & Reel (TR),22nF,±5%,25V,X7R,
C519396,CC0603JRNPO8BN561,YAGEO,https://datasheet.lcsc.com/datasheet/pdf/4eca2bb4b507f1633db47e922d632b95.pdf?productCode=C519396,4000,0.0100,100,100,https://www.lcsc.com/product-detail/C519396.html,0603,Tape & Reel (TR),560pF,±5%,25V,NP0,
C272882,CC1206JKNPODBN100,YAGEO,https://datasheet.lcsc.com/datasheet/pdf/9a86cbae8c34c796174906a7ab23dad0.pdf?productCode=C272882,4000,0.0629,10,10,https://www.lcsc.com/product-detail/C272882.html,1206,Tape & Reel (TR),10pF,±5%,2kV,NP0,
C149610,AC0603JRNPO9BN200,YAGEO,https://datasheet.lcsc.com/datasheet/pdf/e147909414eb3b900a42b90481dc8914.pdf?productCode=C149610,4000,0.0125,100,100,https://www.lcsc.com/product-detail/C149610.html,0603,Tape & Reel (TR),20pF,±5%,50V,NP0,
C3873338,GRM3195C1H473JA05D,muRata,https://datasheet.lcsc.com/datasheet/pdf/80f801ae2ac509efb0bd9a68cea9f951.pdf?productCode=C3873338,3995,0.2952,5,5,https://www.lcsc.com/product-detail/C3873338.html,1206,Tape & Reel (TR),47nF,±5%,50V,C0G,
C2336887,GQM1875C2E240GB12D,muRata,https://datasheet.lcsc.com/datasheet/pdf/717a239b4c0bb10e9002bfedc1a7beeb.pdf?productCode=C2336887,3990,0.1910,5,5,https://www.lcsc.com/product-detail/C2336887.html,0603,Tape & Reel (TR),24pF,±2%,250V,C0G,
C2167736,C0603C121F5GACTU,KEMET,https://datasheet.lcsc.com/datasheet/pdf/39767117ba5ceac409bdd2bc668d7c59.pdf?productCode=C2167736,3980,0.1893,5,5,https://www.lcsc.com/product-detail/C2167736.html,0603,Tape & Reel (TR),120pF,±1%,50V,C0G,
C710898,GRM1885C1H362JA01D,muRata,https://datasheet.lcsc.com/datasheet/pdf/92f315ec07b30a08cd497ecbb753512e.pdf?productCode=C710898,3980,0.0246,20,20,https://www.lcsc.com/product-detail/C710898.html,0603,Tape & Reel (TR),3.6nF,±5%,50V,C0G,
C597259,08051A100JAT2A,Kyocera AVX,,3980,0.0245,20,20,https://www.lcsc.com/product-detail/C597259.html,0805,Tape & Reel (TR),10pF,±5%,100V,C0G,
C527183,CC0805FRNPO9BN271,YAGEO,https://datasheet.lcsc.com/datasheet/pdf/4eca2bb4b507f1633db47e922d632b95.pdf?productCode=C527183,3980,0.0566,20,20,https://www.lcsc.com/product-detail/C527183.html,0805,Tape & Reel (TR),270pF,±1%,50V,NP0,
C597072,06031A180JAT2A,Kyocera AVX,,3970,0.0208,10,10,https://www.lcsc.com/product-detail/C597072.html,0603,Tape & Reel (TR),18pF,±5%,100V,C0G,
C1845572,12067A100JAT2A,Kyocera AVX,,3965,0.0995,5,5,https://www.lcsc.com/product-detail/C1845572.html,1206,Tape & Reel (TR),10pF,±5%,500V,C0G,
C440199,GRM3195C1H153JA01D,muRata,https://datasheet.lcsc.com/datasheet/pdf/487017f6b54a225cb531ae9163fbe3cd.pdf?productCode=C440199,3965,0.1900,5,5,https://www.lcsc.com/product-detail/C440199.html,1206,Tape & Reel (TR),15nF,±5%,50V,C0G,
C2170544,C0805C102J1RACTU,KEMET,https://datasheet.lcsc.com/datasheet/pdf/2fe6a453435205abf7a26ebf93692f47.pdf?productCode=C2170544,3960,0.0300,20,20,https://www.lcsc.com/product-detail/C2170544.html,0805,Tape & Reel (TR),1nF,±5%,100V,X7R,
C1850665,VJ0603A821JXACW1BC,VISHAY,https://datasheet.lcsc.com/datasheet/pdf/2aafee59dab54d3907d2a47e632f9b66.pdf?productCode=C1850665,3960,0.0579,10,10,https://www.lcsc.com/product-detail/C1850665.html,0603,Tape & Reel (TR),820pF,±5%,50V,C0G,
C599826,C0805C100J5GAC7800,KEMET,https://datasheet.lcsc.com/datasheet/pdf/a577a397d37f6a60da486150816243bd.pdf?productCode=C599826,3960,0.0239,20,20,https://www.lcsc.com/product-detail/C599826.html,0805,Tape & Reel (TR),10pF,±5%,50V,C0G,
C597446,12061A101JAT2A,Kyocera AVX,,3960,0.1380,5,5,https://www.lcsc.com/product-detail/C597446.html,1206,Tape & Reel (TR),100pF,±5%,100V,C0G,
C527279,CC1206JRNPO0BN180,YAGEO,https://datasheet.lcsc.com/datasheet/pdf/4eca2bb4b507f1633db47e922d632b95.pdf?productCode=C527279,3960,0.0472,10,10,https://www.lcsc.com/product-detail/C527279.html,1206,Tape & Reel (TR),18pF,±5%,100V,NP0,
C2178240,12065A181JAT2A,Kyocera AVX,,3950,0.0498,10,10,https://www.lcsc.com/product-detail/C2178240.html,1206,Tape & Reel (TR),180pF,±5%,50V,C0G,
C1854493,CC0805JRX7RABB152,YAGEO,https://datasheet.lcsc.com/datasheet/pdf/23ccee80ee542e7cf156a772bb589942.pdf?productCode=C1854493,3950,0.0226,50,50,https://www.lcsc.com/product-detail/C1854493.html,0805,Tape & Reel (TR),1.5nF,±5%,200V,X7R,
C520006,CC0805JRNPO9BN431,YAGEO,https://datasheet.lcsc.com/datasheet/pdf/4eca2bb4b507f1633db47e922d632b95.pdf?productCode=C520006,3950,0.0194,50,50,https://www.lcsc.com/product-detail/C520006.html,0805,Tape & Reel (TR),430pF,±5%,50V,NP0,
C393684,GCM1555C1H470FA16D,muRata,https://datasheet.lcsc.com/datasheet/pdf/c4523f4330135579ee78a3002635c41c.pdf?productCode=C393684,3950,0.0202,50,50,https://www.lcsc.com/product-detail/C393684.html,0402,Tape & Reel (TR),47pF,±1%,50V,C0G,
C309485,CC0805JRNPO0BN330,YAGEO,https://datasheet.lcsc.com/datasheet/pdf/4eca2bb4b507f1633db47e922d632b95.pdf?productCode=C309485,3950,0.0208,50,50,https://www.lcsc.com/product-detail/C309485.html,0805,Tape & Reel (TR),33pF,±5%,100V,NP0,
C2203727,AC0805JRNPO0BN330,YAGEO,https://datasheet.lcsc.com/datasheet/pdf/e147909414eb3b900a42b90481dc8914.pdf?productCode=C2203727,3940,0.0269,20,20,https://www.lcsc.com/product-detail/C2203727.html,0805,Tape & Reel (TR),33pF,±5%,100V,NP0,
C520060,CC0805GRNPO9BN330,YAGEO,https://datasheet.lcsc.com/datasheet/pdf/4eca2bb4b507f1633db47e922d632b95.pdf?productCode=C520060,3940,0.0324,20,20,https://www.lcsc.com/product-detail/C520060.html,0805,Tape & Reel (TR),33pF,±2%,50V,NP0,
C2170007,C0805C680J1GACTU,KEMET,https://datasheet.lcsc.com/datasheet/pdf/39767117ba5ceac409bdd2bc668d7c59.pdf?productCode=C2170007,3930,0.0416,10,10,https://www.lcsc.com/product-detail/C2170007.html,0805,Tape & Reel (TR),68pF,±5%,100V,C0G,
C1853923,CC0805JKNPOBBN681,YAGEO,https://datasheet.lcsc.com/datasheet/pdf/9a86cbae8c34c796174906a7ab23dad0.pdf?productCode=C1853923,3930,0.0845,10,10,https://www.lcsc.com/product-detail/C1853923.html,0805,Tape & Reel (TR),680pF,±5%,500V,NP0,
C703076,GRM3195C2A103JA01D,muRata,https://datasheet.lcsc.com/datasheet/pdf/a5661d5fbdf2b41a50853cb83d84d655.pdf?productCode=C703076,3930,0.2567,5,5,https://www.lcsc.com/product-detail/C703076.html,1206,Tape & Reel (TR),10nF,±5%,100V,C0G,
C541578,CC1206FRNPO9BN100,YAGEO,https://datasheet.lcsc.com/datasheet/pdf/4eca2bb4b507f1633db47e922d632b95.pdf?productCode=C541578,3930,0.1045,10,10,https://www.lcsc.com/product-detail/C541578.html,1206,Tape & Reel (TR),10pF,±1%,50V,NP0,
C2169021,C0805C271J5GACTU,KEMET,https://datasheet.lcsc.com/datasheet/pdf/39767117ba5ceac409bdd2bc668d7c59.pdf?productCode=C2169021,3920,0.0437,10,10,https://www.lcsc.com/product-detail/C2169021.html,0805,Tape & Reel (TR),270pF,±5%,50V,C0G,
C2168780,C0805C151J5GACTU,KEMET,https://datasheet.lcsc.com/datasheet/pdf/39767117ba5ceac409bdd2bc668d7c59.pdf?productCode=C2168780,3920,0.0251,20,20,https://www.lcsc.com/product-detail/C2168780.html,0805,Tape & Reel (TR),150pF,±5%,50V,C0G,
C599906,C0805C331J5GAC7800,KEMET,https://datasheet.lcsc.com/datasheet/pdf/4e57ad49120a0e8a59259c86c73210af.pdf?productCode=C599906,3920,0.0251,20,20,https://www.lcsc.com/product-detail/C599906.html,0805,Tape & Reel (TR),330pF,±5%,50V,C0G,
C597164,06035A470J4T2A,Kyocera AVX,,3920,0.0229,20,20,https://www.lcsc.com/product-detail/C597164.html,0603,Tape & Reel (TR),47pF,±5%,50V,C0G,
C527301,CC1206JRNPOABN470,YAGEO,https://datasheet.lcsc.com/datasheet/pdf/4eca2bb4b507f1633db47e922d632b95.pdf?productCode=C527301,3920,0.0372,20,20,https://www.lcsc.com/product-detail/C527301.html,1206,Tape & Reel (TR),47pF,±5%,200V,NP0,
C162302,GRM21A5C2D470JW01D,muRata,https://datasheet.lcsc.com/datasheet/pdf/a4d1e2744bd5d44ba57842651a3fd598.pdf?productCode=C162302,3920,0.0646,10,10,https://www.lcsc.com/product-detail/C162302.html,0805,Tape & Reel (TR),47pF,±5%,200V,C0G,
C5348770,12061A391JAT2A,Kyocera AVX,,3910,0.0698,10,10,https://www.lcsc.com/product-detail/C5348770.html,1206,Tape & Reel (TR),390pF,±5%,100V,NP0,
C711021,GRM31A5C2J180JW01D,muRata,https://datasheet.lcsc.com/datasheet/pdf/b4bb5f6dec8ca8c777978dc166417492.pdf?productCode=C711021,3910,0.1194,5,5,https://www.lcsc.com/product-detail/C711021.html,1206,Tape & Reel (TR),18pF,±5%,630V,C0G,
C541508,CC1206GRNPO9BN330,YAGEO,https://datasheet.lcsc.com/datasheet/pdf/4eca2bb4b507f1633db47e922d632b95.pdf?productCode=C541508,3910,0.0635,10,10,https://www.lcsc.com/product-detail/C541508.html,1206,Tape & Reel (TR),33pF,±2%,50V,NP0,
C2170892,GRM31A5C3A820JW01D,muRata,https://datasheet.lcsc.com/datasheet/pdf/0e95f045dd7862a62b66313acfbf00f0.pdf?productCode=C2170892,3905,0.0842,5,5,https://www.lcsc.com/product-detail/C2170892.html,1206,Tape & Reel (TR),82pF,±5%,1kV,C0G,
C2169171,C0402C221J5GACAUTO,KEMET,https://datasheet.lcsc.com/datasheet/pdf/73c030c092cad88867b92e86f262076b.pdf?productCode=C2169171,3900,0.0195,50,50,https://www.lcsc.com/product-detail/C2169171.html,0402,Tape & Reel (TR),220pF,±5%,50V,C0G,
C701302,GRM2195C1H102JA01D,muRata,https://datasheet.lcsc.com/datasheet/pdf/368d4a38ad2e54eda82258271ab4e137.pdf?productCode=C701302,3900,0.0498,10,10,https://www.lcsc.com/product-detail/C701302.html,0805,Tape & Reel (TR),1nF,±5%,50V,C0G,
C520047,CC0805JRX7R9BB823,YAGEO,https://datasheet.lcsc.com/datasheet/pdf/23ccee80ee542e7cf156a772bb589942.pdf?productCode=C520047,3900,0.0158,50,50,https://www.lcsc.com/product-detail/C520047.html,0805,Tape & Reel (TR),82nF,±5%,50V,X7R,
C340107,CC0805JRNPOYBN470,YAGEO,https://datasheet.lcsc.com/datasheet/pdf/4eca2bb4b507f1633db47e922d632b95.pdf?productCode=C340107,3900,0.0146,100,100,https://www.lcsc.com/product-detail/C340107.html,0805,Tape & Reel (TR),47pF,±5%,250V,NP0,
C184771,GCM1885C2A471JA16D,muRata,https://datasheet.lcsc.com/datasheet/pdf/6b12a59f04bd4989b88fd77d74525cce.pdf?productCode=C184771,3900,0.0210,50,50,https://www.lcsc.com/product-detail/C184771.html,0603,Tape & Reel (TR),470pF,±5%,100V,C0G,
C2181354,GQM2195C2E180JB12D,muRata,https://datasheet.lcsc.com/datasheet/pdf/5b9f5e37c4ab21806af4b6e4c295d629.pdf?productCode=C2181354,3890,0.2729,5,5,https://www.lcsc.com/product-detail/C2181354.html,0805,Tape & Reel (TR),18pF,±5%,250V,C0G,
C6371538,C0805C100J1GACTU,KEMET,https://datasheet.lcsc.com/datasheet/pdf/ca478561d3172e9ccd486961ecbcbc0c.pdf?productCode=C6371538,3880,0.0328,20,20,https://www.lcsc.com/product-detail/C6371538.html,0805,Tape & Reel (TR),10pF,±5%,100V,C0G,
C2169164,C0603C561J5GACTU,KEMET,https://datasheet.lcsc.com/datasheet/pdf/39767117ba5ceac409bdd2bc668d7c59.pdf?productCode=C2169164,3880,0.0216,20,20,https://www.lcsc.com/product-detail/C2169164.html,0603,Tape & Reel (TR),560pF,±5%,50V,C0G,
C3904388,GCM1885C1H472GA16D,muRata,https://datasheet.lcsc.com/datasheet/pdf/9a91689d64f398e3b2c76a465ffdaeda.pdf?productCode=C3904388,3865,0.1126,5,5,https://www.lcsc.com/product-detail/C3904388.html,0603,Tape & Reel (TR),4.7nF,±2%,50V,C0G,
C711024,GRM31A5C2J331JW01D,muRata,https://datasheet.lcsc.com/datasheet/pdf/bd9af8639a9190606d7de56530c62577.pdf?productCode=C711024,3860,0.0710,10,10,https://www.lcsc.com/product-detail/C711024.html,1206,Tape & Reel (TR),330pF,±5%,630V,C0G,
C576903,CC0805FRNPO0BN561,YAGEO,https://datasheet.lcsc.com/datasheet/pdf/4eca2bb4b507f1633db47e922d632b95.pdf?productCode=C576903,3860,0.0431,20,20,https://www.lcsc.com/product-detail/C576903.html,0805,Tape & Reel (TR),560pF,±1%,100V,NP0,
C3878107,GRT1555C1H161FA02D,muRata,https://datasheet.lcsc.com/datasheet/pdf/311cd693c4cf09d9e87c0bd93ea91d54.pdf?productCode=C3878107,3850,0.0238,10,10,https://www.lcsc.com/product-detail/C3878107.html,0402,Tape & Reel (TR),160pF,±1%,50V,C0G,
C2191164,AC0603JRNPO9BN560,YAGEO,https://datasheet.lcsc.com/datasheet/pdf/e147909414eb3b900a42b90481dc8914.pdf?productCode=C2191164,3850,0.0132,50,50,https://www.lcsc.com/product-detail/C2191164.html,0603,Tape & Reel (TR),56pF,±5%,50V,NP0,
C2169965,C0603C750J5GACTU,KEMET,https://datasheet.lcsc.com/datasheet/pdf/39767117ba5ceac409bdd2bc668d7c59.pdf?productCode=C2169965,3850,0.0142,50,50,https://www.lcsc.com/product-detail/C2169965.html,0603,Tape & Reel (TR),75pF,±5%,50V,C0G,
C2168823,C0402C680J5GACTU,KEMET,https://datasheet.lcsc.com/datasheet/pdf/39767117ba5ceac409bdd2bc668d7c59.pdf?productCode=C2168823,3850,0.0118,50,50,https://www.lcsc.com/product-detail/C2168823.html,0402,Tape & Reel (TR),68pF,±5%,50V,C0G,
C527221,CC0805JRX7RABB331,YAGEO,https://datasheet.lcsc.com/datasheet/pdf/23ccee80ee542e7cf156a772bb589942.pdf?productCode=C527221,3850,0.0146,50,50,https://www.lcsc.com/product-detail/C527221.html,0805,Tape & Reel (TR),330pF,±5%,200V,X7R,
C520040,CC0805JRX7R8BB683,YAGEO,https://datasheet.lcsc.com/datasheet/pdf/23ccee80ee542e7cf156a772bb589942.pdf?productCode=C520040,3850,0.0189,50,50,https://www.lcsc.com/product-detail/C520040.html,0805,Tape & Reel (TR),68nF,±5%,25V,X7R,
C520038,CC0805JRX7R8BB333,YAGEO,https://datasheet.lcsc.com/datasheet/pdf/23ccee80ee542e7cf156a772bb589942.pdf?productCode=C520038,3850,0.0240,50,50,https://www.lcsc.com/product-detail/C520038.html,0805,Tape & Reel (TR),33nF,±5%,25V,X7R,
C326961,CC1206JRNPO9BN470,YAGEO,https://datasheet.lcsc.com/datasheet/pdf/4eca2bb4b507f1633db47e922d632b95.pdf?productCode=C326961,3850,0.0428,50,50,https://www.lcsc.com/product-detail/C326961.html,1206,Tape & Reel (TR),47pF,±5%,50V,NP0,
C85981,GRM1885C1H680JA01D,muRata,https://datasheet.lcsc.com/datasheet/pdf/a4d1e2744bd5d44ba57842651a3fd598.pdf?productCode=C85981,3850,0.0182,50,50,https://www.lcsc.com/product-detail/C85981.html,0603,Tape & Reel (TR),68pF,±5%,50V,C0G,
C431634,TDDD500G102J1GV001T,Johanson Dielectrics,https://datasheet.lcsc.com/datasheet/pdf/665627c464d3a645ac531614fceb7f49.pdf?productCode=C431634,3840,0.0586,10,10,https://www.lcsc.com/product-detail/C431634.html,1206,Tape & Reel (TR),1nF,±5%,50V,NP0,
C2170550,C0603C682J3GACTU,KEMET,https://datasheet.lcsc.com/datasheet/pdf/39767117ba5ceac409bdd2bc668d7c59.pdf?productCode=C2170550,3830,0.1608,10,10,https://www.lcsc.com/product-detail/C2170550.html,0603,Tape & Reel (TR),6.8nF,±5%,25V,C0G,
C913595,GRM21A5C2E100JW01D,muRata,https://datasheet.lcsc.com/datasheet/pdf/028ebc2a4713407bdd9dfdba06c0e112.pdf?productCode=C913595,3830,0.0576,10,10,https://www.lcsc.com/product-detail/C913595.html,0805,Tape & Reel (TR),10pF,±5%,250V,C0G,
C2170021,08055A151FAT2A,Kyocera AVX,,3820,0.2193,5,5,https://www.lcsc.com/product-detail/C2170021.html,0805,Tape & Reel (TR),150pF,±1%,50V,C0G,
C519558,CC0603JRX7R7BB474,YAGEO,https://datasheet.lcsc.com/datasheet/pdf/23ccee80ee542e7cf156a772bb589942.pdf?productCode=C519558,3820,0.0308,20,20,https://www.lcsc.com/product-detail/C519558.html,0603,Tape & Reel (TR),470nF,±5%,16V,X7R,
